"","mean","sd","0.025quant","0.5quant","0.975quant","mode","kld"
"(Intercept)",2.11775346337073,1.74775214951373,0.689811588229282,2.13640922184362,6.18717100130136,2.173905368533,1.00000016696932
"black",1.05010538661515,1.00609161054517,1.03766182538715,1.05010113297672,1.06271019951094,1.05009317358636,1.00000033589874
"poverty",1.07773004482752,1.01078005862121,1.05530302987375,1.07771606398595,1.10069131570391,1.07768906194365,1.00000053796297
"educBachPlus",1.03057521119181,1.00611207239966,1.01835238252079,1.03056088959237,1.04301367093469,1.03053277939758,1.00000124882586
"male",0.927579526190151,1.01181385158845,0.906686797249085,0.927489389021799,0.949464013685257,0.927311411002146,1.00000008772348
"secpercvac",0.95862211517405,1.00364121220219,0.951751965302512,0.958639507263308,0.965438187861655,0.958674548168602,1.00000218494923
"age1824.perc",0.98864587280165,1.01000764137819,0.969494874479658,0.988644549315071,1.0081638132465,0.988642737658933,1.00000017284578
"govt",5.7611172065301,1.24738185055461,3.73635293756376,5.75862179796211,8.90093673030644,5.75373220518766,1.00000070178272
