"","mean","sd","0.025quant","0.5quant","0.975quant","mode","kld"
"(Intercept)",1.8036548530014,1.77172374343587,0.571412819816055,1.82019237612344,5.40705905242872,1.85344586266251,1.00000018934136
"black",1.02900602977483,1.0062068029734,1.01658397423883,1.0290017880196,1.04159187599413,1.02899384747279,1.00000034635176
"poverty",1.07444029943567,1.01098412420018,1.05166380496574,1.07442659883918,1.0977658540329,1.07440016209229,1.00000054882414
"educBachPlus",1.02918102924034,1.00622837156975,1.016743823665,1.02916671130378,1.04183907937257,1.0291386107595,1.00000126979794
"male",0.924163756407995,1.01208535773042,0.902883841463722,0.924069956766863,0.946478195471805,0.923884754466528,1.00000007392144
"secpercvac",0.958013431734843,1.00370228194511,0.951033385443293,0.958031005291466,0.964939928119724,0.958066420334002,1.00000223645793
"age1824.perc",0.992299812831803,1.01019686283922,0.972720345434545,0.992298330316223,1.01226251909995,0.992296216965935,1.00000018116056
"govt",5.83783953340524,1.252498377629,3.75590993000391,5.83524190340353,9.09252768992413,5.83014906799843,1.00000070981932
