"","mean","sd","0.025quant","0.5quant","0.975quant","mode","kld"
"(Intercept)",0.642959296703339,0.595514237880707,-0.553586916957216,0.65236675044647,1.78634072759861,0.671027779579163,2.22496610025508e-07
"black",-0.0138701796531677,0.00658382382243872,-0.0268061518404315,-0.0138701266873921,-0.000946462507799792,-0.0138694308698177,3.50696026796239e-07
"poverty",0.0814255625009537,0.0116110872477293,0.0586681319204388,0.0814065600544047,0.104267483467733,0.0813694596290588,7.08402689714264e-07
"educBachPlus",0.0485304035246372,0.00659150257706642,0.0356154901800872,0.0485182926564817,0.0615006582179663,0.0484946295619011,1.2422211520684e-06
"male",-0.0624022893607616,0.0125834001228213,-0.0868083121765367,-0.0625072774698767,-0.0374150552904985,-0.0627146288752556,1.20020394636343e-07
"secpercvac",-0.0266368202865124,0.00404619751498103,-0.0346226034805235,-0.0266239876228511,-0.0187301516212802,-0.0265981163829565,1.46692136888047e-06
"age1824.perc",-0.0184609442949295,0.0107951629906893,-0.0396723834596447,-0.018460407374739,0.0027273591484277,-0.0184584017843008,2.62727599136952e-07
"govt",2.01962685585022,0.241105288267136,1.54672871298779,2.01935313012501,2.49360855544849,2.01882529258728,7.19865031306152e-07
