"","mean","sd","0.025quant","0.5quant","0.975quant","mode","kld"
"(Intercept)",0.75038081407547,0.558281064033508,-0.371216515188544,0.759151695383173,1.82240676043487,0.776550769805908,1.67701338827996e-07
"black",0.0488902814686298,0.00607240619137883,0.0369711245876042,0.0488862187305115,0.0608208338377924,0.0488786138594151,3.37310200406669e-07
"poverty",0.074856236577034,0.0107211088761687,0.0538297111882522,0.0748432209684118,0.095935356506287,0.0748180896043777,5.39557508575549e-07
"educBachPlus",0.030116368085146,0.00609278678894043,0.0181866976367585,0.0301024329249783,0.0421123384588233,0.0300750862807035,1.25150668427183e-06
"male",-0.0751762166619301,0.0117434663698077,-0.0979555653496638,-0.0752733636723991,-0.0518594195859942,-0.0754652172327042,8.74371050362763e-08
"secpercvac",-0.0422574877738953,0.00363425677642226,-0.0494494572384371,-0.0422393023440188,-0.0351731351912018,-0.0422026738524437,2.19176216499916e-06
"age1824.perc",-0.0114191481843591,0.00995670445263386,-0.030977863776441,-0.0114204905408779,0.00812831947800505,-0.011422329582274,1.73921586560632e-07
"govt",1.75110757350922,0.22102178633213,1.31813793640475,1.75067308649643,2.1860879792905,1.74982142448425,7.0441477621397e-07
