"","mean","sd","0.025quant","0.5quant","0.975quant","mode","kld"
"(Intercept)",0.589815080165863,0.571952939033508,-0.559643353637256,0.598942196669452,1.68770533181771,0.617046535015106,1.89341341231452e-07
"black",0.0285933166742325,0.00618762010708451,0.0164479618289261,0.0285891944787822,0.0407501928969469,0.028581477701664,3.46351702638936e-07
"poverty",0.0717998743057251,0.0109242368489504,0.0503734862111346,0.0717871228444782,0.0932770726536481,0.0717625170946121,5.48823991864224e-07
"educBachPlus",0.0287633687257767,0.00620905542746186,0.0166051912010538,0.0287494566580754,0.0409874970216233,0.0287221521139145,1.26979713582465e-06
"male",-0.0788659974932671,0.0120129128918052,-0.102161370092304,-0.0789674994197214,-0.0550073456062452,-0.079167939722538,7.39214367944302e-08
"secpercvac",-0.0428934805095196,0.00369544536806643,-0.0502061114343303,-0.0428751369301282,-0.0356894302339397,-0.0428381711244583,2.23645542819561e-06
"age1824.perc",-0.00772998668253422,0.0101452255621552,-0.0276586528717563,-0.00773148070346241,0.0121879434505393,-0.00773361045867205,1.81160544852346e-07
"govt",1.76436078548431,0.225140258669853,1.32333058076134,1.76391572218913,2.20745294323309,1.76304256916046,7.09819064058218e-07
